"Item Type","Product ID","Product Name","Product Type","Product Code/SKU","Bin Picking Number","Brand Name","Option Set","Option Set Align","Product Description",Price,"Cost Price","Retail Price","Sale Price","Fixed Shipping Cost","Free Shipping","Product Warranty","Product Weight","Product Width","Product Height","Product Depth","Allow Purchases?","Product Visible?","Product Availability","Track Inventory","Current Stock Level","Low Stock Level",Category,"Product Image ID - 1","Product Image File - 1","Product Image Description - 1","Product Image Is Thumbnail - 1","Product Image Sort - 1","Search Keywords","Page Title","Meta Keywords","Meta Description","Product Condition","Show Product Condition?","Sort Order","Product Tax Class","Product UPC/EAN","Stop Processing Rules","Product URL","Redirect Old URL?","GPS Global Trade Item Number","GPS Manufacturer Part Number","GPS Gender","GPS Age Group","GPS Color","GPS Size","GPS Material","GPS Pattern","GPS Item Group ID","GPS Category","GPS Enabled","Tax Provider Tax Code","Product Custom Fields"
Product,2788,"Aloe Vera-22 lb",P,,,,,Right,"<p><strong>Fresh Produce</strong><br /><span>Enjoy the freshness!!!</span><br /><br /><strong></p>",13.99,11.00,0.00,0.00,0.0000,N,,22.0000,0.0000,0.0000,0.0000,Y,Y,,none,0,0,"Fresh Produce",,,,,,"Aloe Vera-22 lb, Vegetables, Fresh Produce, Veggies, SuperiorOne",,,,New,N,0,"Default Tax Class",,N,/aloe-vera-22-lb/,,,,,,,,,,,,N,,
Product,2789,"Anaheim Pepper-20 lb",P,,,,,Right,"<p><strong>Fresh Produce</strong><br /><span>Enjoy the freshness!!!</span><br /><br /><strong></p>",55.99,46.00,0.00,0.00,0.0000,N,,20.0000,0.0000,0.0000,0.0000,Y,Y,,none,0,0,"Fresh Produce",,,,,,"Anaheim Pepper-20 lb, Vegetables, Fresh Produce, Veggies, SuperiorOne",,,,New,N,0,"Default Tax Class",,N,/anaheim-pepper-20-lb/,,,,,,,,,,,,N,,
Product,2790,"Baby Bokchoy-25 lb",P,,,,,Right,"<p><strong>Fresh Produce</strong><br /><span>Enjoy the freshness!!!</span><br /><br /><strong></p>",35.99,30.00,0.00,0.00,0.0000,N,,25.0000,0.0000,0.0000,0.0000,Y,Y,,none,0,0,"Fresh Produce",,,,,,"Baby Bokchoy-25 lb, Vegetables, Fresh Produce, Veggies, SuperiorOne",,,,New,N,0,"Default Tax Class",,N,/baby-bokchoy-25-lb/,,,,,,,,,,,,N,,
Product,2791,"Baby Taro-30 lb",P,,,,,Right,"<p><strong>Fresh Produce</strong><br /><span>Enjoy the freshness!!!</span><br /><br /><strong></p>",34.99,29.00,0.00,0.00,0.0000,N,,30.0000,0.0000,0.0000,0.0000,Y,Y,,none,0,0,"Fresh Produce",,,,,,"Baby Taro-30 lb, Vegetables, Fresh Produce, Veggies, SuperiorOne",,,,New,N,0,"Default Tax Class",,N,/baby-taro-30-lb/,,,,,,,,,,,,N,,
Product,2792,"Bac Ha ( Taro Stems) Hawaii-15 lb",P,,,,,Right,"<p><strong>Fresh Produce</strong><br /><span>Enjoy the freshness!!!</span><br /><br /><strong></p>",57.99,48.00,0.00,0.00,0.0000,N,,15.0000,0.0000,0.0000,0.0000,Y,Y,,none,0,0,"Fresh Produce",,,,,,"Bac Ha ( Taro Stems) Hawaii-15 lb, Vegetables, Fresh Produce, Veggies, SuperiorOne",,,,New,N,0,"Default Tax Class",,N,/bac-ha-taro-stems-hawaii-15-lb/,,,,,,,,,,,,N,,
Product,2793,"Banana Flower-30 lb",P,,,,,Right,"<p><strong>Fresh Produce</strong><br /><span>Enjoy the freshness!!!</span><br /><br /><strong></p>",44.99,37.00,0.00,0.00,0.0000,N,,30.0000,0.0000,0.0000,0.0000,Y,Y,,none,0,0,"Fresh Produce",,,,,,"Banana Flower-30 lb, Vegetables, Fresh Produce, Veggies, SuperiorOne",,,,New,N,0,"Default Tax Class",,N,/banana-flower-30-lb/,,,,,,,,,,,,N,,
Product,2794,"Banana Leaf-24 lb",P,,,,,Right,"<p><strong>Fresh Produce</strong><br /><span>Enjoy the freshness!!!</span><br /><br /><strong></p>",22.99,19.00,0.00,0.00,0.0000,N,,24.0000,0.0000,0.0000,0.0000,Y,Y,,none,0,0,"Fresh Produce",,,,,,"Banana Leaf-24 lb, Vegetables, Fresh Produce, Veggies, SuperiorOne",,,,New,N,0,"Default Tax Class",,N,/banana-leaf-24-lb/,,,,,,,,,,,,N,,
Product,2795,"Banana Pepper-18 lb",P,,,,,Right,"<p><strong>Fresh Produce</strong><br /><span>Enjoy the freshness!!!</span><br /><br /><strong></p>",34.99,29.00,0.00,0.00,0.0000,N,,18.0000,0.0000,0.0000,0.0000,Y,Y,,none,0,0,"Fresh Produce",,,,,,"Banana Pepper-18 lb, Vegetables, Fresh Produce, Veggies, SuperiorOne",,,,New,N,0,"Default Tax Class",,N,/banana-pepper-18-lb/,,,,,,,,,,,,N,,
Product,2796,"Basil ( Hawaii)-12 lb",P,,,,,Right,"<p><strong>Fresh Produce</strong><br /><span>Enjoy the freshness!!!</span><br /><br /><strong></p>",58.99,49.00,0.00,0.00,0.0000,N,,12.0000,0.0000,0.0000,0.0000,Y,Y,,none,0,0,"Fresh Produce",,,,,,"Basil ( Hawaii)-12 lb, Vegetables, Fresh Produce, Veggies, SuperiorOne",,,,New,N,0,"Default Tax Class",,N,/basil-hawaii-12-lb/,,,,,,,,,,,,N,,
Product,2797,"Bean Sprouts-10 lb",P,,,,,Right,"<p><strong>Fresh Produce</strong><br /><span>Enjoy the freshness!!!</span><br /><br /><strong></p>",9.99,8.00,0.00,0.00,0.0000,N,,10.0000,0.0000,0.0000,0.0000,Y,Y,,none,0,0,"Fresh Produce",,,,,,"Bean Sprouts-10 lb, Vegetables, Fresh Produce, Veggies, SuperiorOne",,,,New,N,0,"Default Tax Class",,N,/bean-sprouts-10-lb/,,,,,,,,,,,,N,,
Product,2798,"Beet-25 lb",P,,,,,Right,"<p><strong>Fresh Produce</strong><br /><span>Enjoy the freshness!!!</span><br /><br /><strong></p>",14.99,12.00,0.00,0.00,0.0000,N,,25.0000,0.0000,0.0000,0.0000,Y,Y,,none,0,0,"Fresh Produce",,,,,,"Beet-25 lb, Vegetables, Fresh Produce, Veggies, SuperiorOne",,,,New,N,0,"Default Tax Class",,N,/beet-25-lb/,,,,,,,,,,,,N,,
Product,2799,"Bell Pepper (Green)-20 lb",P,,,,,Right,"<p><strong>Fresh Produce</strong><br /><span>Enjoy the freshness!!!</span><br /><br /><strong></p>",30.99,26.00,0.00,0.00,0.0000,N,,20.0000,0.0000,0.0000,0.0000,Y,Y,,none,0,0,"Fresh Produce",,,,,,"Bell Pepper (Green)-20 lb, Vegetables, Fresh Produce, Veggies, SuperiorOne",,,,New,N,0,"Default Tax Class",,N,/bell-pepper-green-20-lb/,,,,,,,,,,,,N,,
Product,2800,"Bell Pepper (Orange)-20 lb",P,,,,,Right,"<p><strong>Fresh Produce</strong><br /><span>Enjoy the freshness!!!</span><br /><br /><strong></p>",46.99,39.00,0.00,0.00,0.0000,N,,20.0000,0.0000,0.0000,0.0000,Y,Y,,none,0,0,"Fresh Produce",,,,,,"Bell Pepper (Orange)-20 lb, Vegetables, Fresh Produce, Veggies, SuperiorOne",,,,New,N,0,"Default Tax Class",,N,/bell-pepper-orange-20-lb/,,,,,,,,,,,,N,,
Product,2801,"Bell Pepper (Red)-20 lb",P,,,,,Right,"<p><strong>Fresh Produce</strong><br /><span>Enjoy the freshness!!!</span><br /><br /><strong></p>",52.99,44.00,0.00,0.00,0.0000,N,,20.0000,0.0000,0.0000,0.0000,Y,Y,,none,0,0,"Fresh Produce",,,,,,"Bell Pepper (Red)-20 lb, Vegetables, Fresh Produce, Veggies, SuperiorOne",,,,New,N,0,"Default Tax Class",,N,/bell-pepper-red-20-lb/,,,,,,,,,,,,N,,
Product,2802,"Bell Pepper (Yellow)-20 lb",P,,,,,Right,"<p><strong>Fresh Produce</strong><br /><span>Enjoy the freshness!!!</span><br /><br /><strong></p>",51.99,43.00,0.00,0.00,0.0000,N,,20.0000,0.0000,0.0000,0.0000,Y,Y,,none,0,0,"Fresh Produce",,,,,,"Bell Pepper (Yellow)-20 lb, Vegetables, Fresh Produce, Veggies, SuperiorOne",,,,New,N,0,"Default Tax Class",,N,/bell-pepper-yellow-20-lb/,,,,,,,,,,,,N,,
Product,2804,"Bitter Melon (Indian)-25 lb",P,,,,,Right,"<p><strong>Fresh Produce</strong><br /><span>Enjoy the freshness!!!</span><br /><br /><strong></p>",35.99,30.00,0.00,0.00,0.0000,N,,25.0000,0.0000,0.0000,0.0000,Y,Y,,none,0,0,"Fresh Produce",,,,,,"Bitter Melon (Indian)-25 lb, Vegetables, Fresh Produce, Veggies, SuperiorOne",,,,New,N,0,"Default Tax Class",,N,/bitter-melon-indian-25-lb/,,,,,,,,,,,,N,,
Product,2805,"Bokchoy Sum-30 lb",P,,,,,Right,"<p><strong>Fresh Produce</strong><br /><span>Enjoy the freshness!!!</span><br /><br /><strong></p>",39.99,32.00,0.00,0.00,0.0000,N,,30.0000,0.0000,0.0000,0.0000,Y,Y,,none,0,0,"Fresh Produce",,,,,,"Bokchoy Sum-30 lb, Vegetables, Fresh Produce, Veggies, SuperiorOne",,,,New,N,0,"Default Tax Class",,N,/bokchoy-sum-30-lb/,,,,,,,,,,,,N,,
Product,2806,"Breadfruit-40 lb",P,,,,,Right,"<p><strong>Fresh Produce</strong><br /><span>Enjoy the freshness!!!</span><br /><br /><strong></p>",44.99,36.00,0.00,0.00,0.0000,N,,40.0000,0.0000,0.0000,0.0000,Y,Y,,none,0,0,"Fresh Produce",,,,,,"Breadfruit-40 lb, Vegetables, Fresh Produce, Veggies, SuperiorOne",,,,New,N,0,"Default Tax Class",,N,/breadfruit-40-lb/,,,,,,,,,,,,N,,
Product,2807,"Broccoli-20 lb",P,,,,,Right,"<p><strong>Fresh Produce</strong><br /><span>Enjoy the freshness!!!</span><br /><br /><strong></p>",18.99,16.00,0.00,0.00,0.0000,N,,20.0000,0.0000,0.0000,0.0000,Y,Y,,none,0,0,"Fresh Produce",,,,,,"Broccoli-20 lb, Vegetables, Fresh Produce, Veggies, SuperiorOne",,,,New,N,0,"Default Tax Class",,N,/broccoli-20-lb/,,,,,,,,,,,,N,,
Product,2808,"Burro Banana-30 lb",P,,,,,Right,"<p><strong>Fresh Produce</strong><br /><span>Enjoy the freshness!!!</span><br /><br /><strong></p>",32.99,27.00,0.00,0.00,0.0000,N,,30.0000,0.0000,0.0000,0.0000,Y,Y,,none,0,0,"Fresh Produce",,,,,,"Burro Banana-30 lb, Vegetables, Fresh Produce, Veggies, SuperiorOne",,,,New,N,0,"Default Tax Class",,N,/burro-banana-30-lb/,,,,,,,,,,,,N,,
Product,2809,"Cabbage Green (Box)-45 lb",P,,,,,Right,"<p><strong>Fresh Produce</strong><br /><span>Enjoy the freshness!!!</span><br /><br /><strong></p>",21.99,18.00,0.00,0.00,0.0000,N,,45.0000,0.0000,0.0000,0.0000,Y,Y,,none,0,0,"Fresh Produce",,,,,,"Cabbage Green (Box)-45 lb, Vegetables, Fresh Produce, Veggies, SuperiorOne",,,,New,N,0,"Default Tax Class",,N,/cabbage-green-box-45-lb/,,,,,,,,,,,,N,,
Product,2810,"Cabbage Red (Box)-45 lb",P,,,,,Right,"<p><strong>Fresh Produce</strong><br /><span>Enjoy the freshness!!!</span><br /><br /><strong></p>",27.99,23.00,0.00,0.00,0.0000,N,,45.0000,0.0000,0.0000,0.0000,Y,Y,,none,0,0,"Fresh Produce",,,,,,"Cabbage Red (Box)-45 lb, Vegetables, Fresh Produce, Veggies, SuperiorOne",,,,New,N,0,"Default Tax Class",,N,/cabbage-red-box-45-lb/,,,,,,,,,,,,N,,
Product,2811,"Carrot-50 lb",P,,,,,Right,"<p><strong>Fresh Produce</strong><br /><span>Enjoy the freshness!!!</span><br /><br /><strong></p>",16.99,14.00,0.00,0.00,0.0000,N,,50.0000,0.0000,0.0000,0.0000,Y,Y,,none,0,0,"Fresh Produce",,,,,,"Carrot-50 lb, Vegetables, Fresh Produce, Veggies, SuperiorOne",,,,New,N,0,"Default Tax Class",,N,/carrot-50-lb/,,,,,,,,,,,,N,,
Product,2812,"Carrot (Baby)-20 lb",P,,,,,Right,"<p><strong>Fresh Produce</strong><br /><span>Enjoy the freshness!!!</span><br /><br /><strong></p>",21.99,18.00,0.00,0.00,0.0000,N,,20.0000,0.0000,0.0000,0.0000,Y,Y,,none,0,0,"Fresh Produce",,,,,,"Carrot (Baby)-20 lb, Vegetables, Fresh Produce, Veggies, SuperiorOne",,,,New,N,0,"Default Tax Class",,N,/carrot-baby-20-lb/,,,,,,,,,,,,N,,
Product,2813,"Carrot (Indian Red)-25 lb",P,,,,,Right,"<p><strong>Fresh Produce</strong><br /><span>Enjoy the freshness!!!</span><br /><br /><strong></p>",53.99,45.00,0.00,0.00,0.0000,N,,25.0000,0.0000,0.0000,0.0000,Y,Y,,none,0,0,"Fresh Produce",,,,,,"Carrot (Indian Red)-25 lb, Vegetables, Fresh Produce, Veggies, SuperiorOne",,,,New,N,0,"Default Tax Class",,N,/carrot-indian-red-25-lb/,,,,,,,,,,,,N,,
Product,2814,"Chapoo-10 lb",P,,,,,Right,"<p><strong>Fresh Produce</strong><br /><span>Enjoy the freshness!!!</span><br /><br /><strong></p>",82.99,69.00,0.00,0.00,0.0000,N,,10.0000,0.0000,0.0000,0.0000,Y,Y,,none,0,0,"Fresh Produce",,,,,,"Chapoo-10 lb, Vegetables, Fresh Produce, Veggies, SuperiorOne",,,,New,N,0,"Default Tax Class",,N,/chapoo-10-lb/,,,,,,,,,,,,N,,
Product,2815,"Chayotte-35 lb",P,,,,,Right,"<p><strong>Fresh Produce</strong><br /><span>Enjoy the freshness!!!</span><br /><br /><strong></p>",23.99,19.75,0.00,0.00,0.0000,N,,35.0000,0.0000,0.0000,0.0000,Y,Y,,none,0,0,"Fresh Produce",,,,,,"Chayotte-35 lb, Vegetables, Fresh Produce, Veggies, SuperiorOne",,,,New,N,0,"Default Tax Class",,N,/chayotte-35-lb/,,,,,,,,,,,,N,,
Product,2816,"Chinese Celery-30 lb",P,,,,,Right,"<p><strong>Fresh Produce</strong><br /><span>Enjoy the freshness!!!</span><br /><br /><strong></p>",67.99,56.00,0.00,0.00,0.0000,N,,30.0000,0.0000,0.0000,0.0000,Y,Y,,none,0,0,"Fresh Produce",,,,,,"Chinese Celery-30 lb, Vegetables, Fresh Produce, Veggies, SuperiorOne",,,,New,N,0,"Default Tax Class",,N,/chinese-celery-30-lb/,,,,,,,,,,,,N,,
Product,2817,"Chive (Green)-25 lb",P,,,,,Right,"<p><strong>Fresh Produce</strong><br /><span>Enjoy the freshness!!!</span><br /><br /><strong></p>",94.99,79.00,0.00,0.00,0.0000,N,,25.0000,0.0000,0.0000,0.0000,Y,Y,,none,0,0,"Fresh Produce",,,,,,"Chive (Green)-25 lb, Vegetables, Fresh Produce, Veggies, SuperiorOne",,,,New,N,0,"Default Tax Class",,N,/chive-green-25-lb/,,,,,,,,,,,,N,,
Product,2818,"Cucumber (Persian)-20 lb",P,,,,,Right,"<p><strong>Fresh Produce</strong><br /><span>Enjoy the freshness!!!</span><br /><br /><strong></p>",22.99,19.00,0.00,0.00,0.0000,N,,20.0000,0.0000,0.0000,0.0000,Y,Y,,none,0,0,"Fresh Produce",,,,,,"Cucumber (Persian)-20 lb, Vegetables, Fresh Produce, Veggies, SuperiorOne",,,,New,N,0,"Default Tax Class",,N,/cucumber-persian-20-lb/,,,,,,,,,,,,N,,
Product,2819,"Cucumber (Pickle)-45 lb",P,,,,,Right,"<p><strong>Fresh Produce</strong><br /><span>Enjoy the freshness!!!</span><br /><br /><strong></p>",45.99,38.00,0.00,0.00,0.0000,N,,45.0000,0.0000,0.0000,0.0000,Y,Y,,none,0,0,"Fresh Produce",,,,,,"Cucumber (Pickle)-45 lb, Vegetables, Fresh Produce, Veggies, SuperiorOne",,,,New,N,0,"Default Tax Class",,N,/cucumber-pickle-45-lb/,,,,,,,,,,,,N,,
Product,2820,"Cucumber (Select)-50 lb",P,,,,,Right,"<p><strong>Fresh Produce</strong><br /><span>Enjoy the freshness!!!</span><br /><br /><strong></p>",40.99,34.00,0.00,0.00,0.0000,N,,50.0000,0.0000,0.0000,0.0000,Y,Y,,none,0,0,"Fresh Produce",,,,,,"Cucumber (Select)-50 lb, Vegetables, Fresh Produce, Veggies, SuperiorOne",,,,New,N,0,"Default Tax Class",,N,/cucumber-select-50-lb/,,,,,,,,,,,,N,,
Product,2821,"Daikon-40 lb",P,,,,,Right,"<p><strong>Fresh Produce</strong><br /><span>Enjoy the freshness!!!</span><br /><br /><strong></p>",25.99,22.00,0.00,0.00,0.0000,N,,40.0000,0.0000,0.0000,0.0000,Y,Y,,none,0,0,"Fresh Produce",,,,,,"Daikon-40 lb, Vegetables, Fresh Produce, Veggies, SuperiorOne",,,,New,N,0,"Default Tax Class",,N,/daikon-40-lb/,,,,,,,,,,,,N,,
Product,2822,"Daikon With Leaf-30 lb",P,,,,,Right,"<p><strong>Fresh Produce</strong><br /><span>Enjoy the freshness!!!</span><br /><br /><strong></p>",30.99,26.00,0.00,0.00,0.0000,N,,30.0000,0.0000,0.0000,0.0000,Y,Y,,none,0,0,"Fresh Produce",,,,,,"Daikon With Leaf-30 lb, Vegetables, Fresh Produce, Veggies, SuperiorOne",,,,New,N,0,"Default Tax Class",,N,/daikon-with-leaf-30-lb/,,,,,,,,,,,,N,,
Product,2823,"Dosakai-30 lb",P,,,,,Right,"<p><strong>Fresh Produce</strong><br /><span>Enjoy the freshness!!!</span><br /><br /><strong></p>",52.99,44.00,0.00,0.00,0.0000,N,,30.0000,0.0000,0.0000,0.0000,Y,Y,,none,0,0,"Fresh Produce",,,,,,"Dosakai-30 lb, Vegetables, Fresh Produce, Veggies, SuperiorOne",,,,New,N,0,"Default Tax Class",,N,/dosakai-30-lb/,,,,,,,,,,,,N,,
Product,2824,"Drumsticks-30 lb",P,,,,,Right,"<p><strong>Fresh Produce</strong><br /><span>Enjoy the freshness!!!</span><br /><br /><strong></p>",179.99,150.00,0.00,0.00,0.0000,N,,30.0000,0.0000,0.0000,0.0000,Y,Y,,none,0,0,"Fresh Produce",,,,,,"Drumsticks-30 lb, Vegetables, Fresh Produce, Veggies, SuperiorOne",,,,New,N,0,"Default Tax Class",,N,/drumsticks-30-lb/,,,,,,,,,,,,N,,
Product,2825,"Drumsticks Leaves-10 lb",P,,,,,Right,"<p><strong>Fresh Produce</strong><br /><span>Enjoy the freshness!!!</span><br /><br /><strong></p>",59.99,50.00,0.00,0.00,0.0000,N,,10.0000,0.0000,0.0000,0.0000,Y,Y,,none,0,0,"Fresh Produce",,,,,,"Drumsticks Leaves-10 lb, Vegetables, Fresh Produce, Veggies, SuperiorOne",,,,New,N,0,"Default Tax Class",,N,/drumsticks-leaves-10-lb/,,,,,,,,,,,,N,,
Product,2826,"Egg Plants (Chinese)-30 lb",P,,,,,Right,"<p><strong>Fresh Produce</strong><br /><span>Enjoy the freshness!!!</span><br /><br /><strong></p>",32.99,27.00,0.00,0.00,0.0000,N,,30.0000,0.0000,0.0000,0.0000,Y,Y,,none,0,0,"Fresh Produce",,,,,,"Egg Plants (Chinese)-30 lb, Vegetables, Fresh Produce, Veggies, SuperiorOne",,,,New,N,0,"Default Tax Class",,N,/egg-plants-chinese-30-lb/,,,,,,,,,,,,N,,
Product,2827,"Egg Plants (Graffiti)-30 lb",P,,,,,Right,"<p><strong>Fresh Produce</strong><br /><span>Enjoy the freshness!!!</span><br /><br /><strong></p>",42.99,36.00,0.00,0.00,0.0000,N,,30.0000,0.0000,0.0000,0.0000,Y,Y,,none,0,0,"Fresh Produce",,,,,,"Egg Plants (Graffiti)-30 lb, Vegetables, Fresh Produce, Veggies, SuperiorOne",,,,New,N,0,"Default Tax Class",,N,/egg-plants-graffiti-30-lb/,,,,,,,,,,,,N,,
Product,2828,"Egg Plants (Indian)-30 lb",P,,,,,Right,"<p><strong>Fresh Produce</strong><br /><span>Enjoy the freshness!!!</span><br /><br /><strong></p>",34.99,29.00,0.00,0.00,0.0000,N,,30.0000,0.0000,0.0000,0.0000,Y,Y,,none,0,0,"Fresh Produce",,,,,,"Egg Plants (Indian)-30 lb, Vegetables, Fresh Produce, Veggies, SuperiorOne",,,,New,N,0,"Default Tax Class",,N,/egg-plants-indian-30-lb/,,,,,,,,,,,,N,,
Product,2829,"Egg Plants (Italian)-25 lb",P,,,,,Right,"<p><strong>Fresh Produce</strong><br /><span>Enjoy the freshness!!!</span><br /><br /><strong></p>",39.99,33.00,0.00,0.00,0.0000,N,,25.0000,0.0000,0.0000,0.0000,Y,Y,,none,0,0,"Fresh Produce",,,,,,"Egg Plants (Italian)-25 lb, Vegetables, Fresh Produce, Veggies, SuperiorOne",,,,New,N,0,"Default Tax Class",,N,/egg-plants-italian-25-lb/,,,,,,,,,,,,N,,
Product,2830,"Egg Plants (Thai)-40 lb",P,,,,,Right,"<p><strong>Fresh Produce</strong><br /><span>Enjoy the freshness!!!</span><br /><br /><strong></p>",43.99,36.00,0.00,0.00,0.0000,N,,40.0000,0.0000,0.0000,0.0000,Y,Y,,none,0,0,"Fresh Produce",,,,,,"Egg Plants (Thai)-40 lb, Vegetables, Fresh Produce, Veggies, SuperiorOne",,,,New,N,0,"Default Tax Class",,N,/egg-plants-thai-40-lb/,,,,,,,,,,,,N,,
Product,2831,"Fava Beans-25 lb",P,,,,,Right,"<p><strong>Fresh Produce</strong><br /><span>Enjoy the freshness!!!</span><br /><br /><strong></p>",44.99,37.00,0.00,0.00,0.0000,N,,25.0000,0.0000,0.0000,0.0000,Y,Y,,none,0,0,"Fresh Produce",,,,,,"Fava Beans-25 lb, Vegetables, Fresh Produce, Veggies, SuperiorOne",,,,New,N,0,"Default Tax Class",,N,/fava-beans-25-lb/,,,,,,,,,,,,N,,
Product,2832,"Finger Hot (Long Chili)-25 lb",P,,,,,Right,"<p><strong>Fresh Produce</strong><br /><span>Enjoy the freshness!!!</span><br /><br /><strong></p>",54.99,46.00,0.00,0.00,0.0000,N,,25.0000,0.0000,0.0000,0.0000,Y,Y,,none,0,0,"Fresh Produce",,,,,,"Finger Hot (Long Chili)-25 lb, Vegetables, Fresh Produce, Veggies, SuperiorOne",,,,New,N,0,"Default Tax Class",,N,/finger-hot-long-chili-25-lb/,,,,,,,,,,,,N,,
Product,2833,"Fuzzy Squash-40 lb",P,,,,,Right,"<p><strong>Fresh Produce</strong><br /><span>Enjoy the freshness!!!</span><br /><br /><strong></p>",29.99,25.00,0.00,0.00,0.0000,N,,40.0000,0.0000,0.0000,0.0000,Y,Y,,none,0,0,"Fresh Produce",,,,,,"Fuzzy Squash-40 lb, Vegetables, Fresh Produce, Veggies, SuperiorOne",,,,New,N,0,"Default Tax Class",,N,/fuzzy-squash-40-lb/,,,,,,,,,,,,N,,
Product,2834,"Garbanzo Beans-15 lb",P,,,,,Right,"<p><strong>Fresh Produce</strong><br /><span>Enjoy the freshness!!!</span><br /><br /><strong></p>",58.99,49.00,0.00,0.00,0.0000,N,,15.0000,0.0000,0.0000,0.0000,Y,Y,,none,0,0,"Fresh Produce",,,,,,"Garbanzo Beans-15 lb, Vegetables, Fresh Produce, Veggies, SuperiorOne",,,,New,N,0,"Default Tax Class",,N,/garbanzo-beans-15-lb/,,,,,,,,,,,,N,,
Product,2835,"Garlic (Loose) White-30 lb",P,,,,,Right,"<p><strong>Fresh Produce</strong><br /><span>Enjoy the freshness!!!</span><br /><br /><strong></p>",85.99,72.00,0.00,0.00,0.0000,N,,30.0000,0.0000,0.0000,0.0000,Y,Y,,none,0,0,"Fresh Produce",,,,,,"Garlic (Loose) White-30 lb, Vegetables, Fresh Produce, Veggies, SuperiorOne",,,,New,N,0,"Default Tax Class",,N,/garlic-loose-white-30-lb/,,,,,,,,,,,,N,,
Product,2836,"Garlic (Pack ) White-30 lb",P,,,,,Right,"<p><strong>Fresh Produce</strong><br /><span>Enjoy the freshness!!!</span><br /><br /><strong></p>",85.99,72.00,0.00,0.00,0.0000,N,,30.0000,0.0000,0.0000,0.0000,Y,Y,,none,0,0,"Fresh Produce",,,,,,"Garlic (Pack ) White-30 lb, Vegetables, Fresh Produce, Veggies, SuperiorOne",,,,New,N,0,"Default Tax Class",,N,/garlic-pack-white-30-lb/,,,,,,,,,,,,N,,
Product,2837,"Garlic Peeled-30 lb",P,,,,,Right,"<p><strong>Fresh Produce</strong><br /><span>Enjoy the freshness!!!</span><br /><br /><strong></p>",141.99,118.00,0.00,0.00,0.0000,N,,30.0000,0.0000,0.0000,0.0000,Y,Y,,none,0,0,"Fresh Produce",,,,,,"Garlic Peeled-30 lb, Vegetables, Fresh Produce, Veggies, SuperiorOne",,,,New,N,0,"Default Tax Class",,N,/garlic-peeled-30-lb/,,,,,,,,,,,,N,,
Product,2838,"Ginger (China)-25 lb",P,,,,,Right,"<p><strong>Fresh Produce</strong><br /><span>Enjoy the freshness!!!</span><br /><br /><strong></p>",18.99,16.00,0.00,0.00,0.0000,N,,25.0000,0.0000,0.0000,0.0000,Y,Y,,none,0,0,"Fresh Produce",,,,,,"Ginger (China)-25 lb, Vegetables, Fresh Produce, Veggies, SuperiorOne",,,,New,N,0,"Default Tax Class",,N,/ginger-china-25-lb/,,,,,,,,,,,,N,,
Product,2839,"Ginger (Desi)-25 lb",P,,,,,Right,"<p><strong>Fresh Produce</strong><br /><span>Enjoy the freshness!!!</span><br /><br /><strong></p>",37.99,32.00,0.00,0.00,0.0000,N,,25.0000,0.0000,0.0000,0.0000,Y,Y,,none,0,0,"Fresh Produce",,,,,,"Ginger (Desi)-25 lb, Vegetables, Fresh Produce, Veggies, SuperiorOne",,,,New,N,0,"Default Tax Class",,N,/ginger-desi-25-lb/,,,,,,,,,,,,N,,
Product,2840,"Ginger (Organic)-25 lb",P,,,,,Right,"<p><strong>Fresh Produce</strong><br /><span>Enjoy the freshness!!!</span><br /><br /><strong></p>",37.99,32.00,0.00,0.00,0.0000,N,,25.0000,0.0000,0.0000,0.0000,Y,Y,,none,0,0,"Fresh Produce",,,,,,"Ginger (Organic)-25 lb, Vegetables, Fresh Produce, Veggies, SuperiorOne",,,,New,N,0,"Default Tax Class",,N,/ginger-organic-25-lb/,,,,,,,,,,,,N,,
Product,2841,"Gongura Leaves-10 lb",P,,,,,Right,"<p><strong>Fresh Produce</strong><br /><span>Enjoy the freshness!!!</span><br /><br /><strong></p>",71.99,60.00,0.00,0.00,0.0000,N,,10.0000,0.0000,0.0000,0.0000,Y,Y,,none,0,0,"Fresh Produce",,,,,,"Gongura Leaves-10 lb, Vegetables, Fresh Produce, Veggies, SuperiorOne",,,,New,N,0,"Default Tax Class",,N,/gongura-leaves-10-lb/,,,,,,,,,,,,N,,
Product,2842,"Green Beans (Round Beans)-25 lb",P,,,,,Right,"<p><strong>Fresh Produce</strong><br /><span>Enjoy the freshness!!!</span><br /><br /><strong></p>",49.99,42.00,0.00,0.00,0.0000,N,,25.0000,0.0000,0.0000,0.0000,Y,Y,,none,0,0,"Fresh Produce",,,,,,"Green Beans (Round Beans)-25 lb, Vegetables, Fresh Produce, Veggies, SuperiorOne",,,,New,N,0,"Default Tax Class",,N,/green-beans-round-beans-25-lb/,,,,,,,,,,,,N,,
Product,2843,"Green Garlic-10 lb",P,,,,,Right,"<p><strong>Fresh Produce</strong><br /><span>Enjoy the freshness!!!</span><br /><br /><strong></p>",71.99,60.00,0.00,0.00,0.0000,N,,10.0000,0.0000,0.0000,0.0000,Y,Y,,none,0,0,"Fresh Produce",,,,,,"Green Garlic-10 lb, Vegetables, Fresh Produce, Veggies, SuperiorOne",,,,New,N,0,"Default Tax Class",,N,/green-garlic-10-lb/,,,,,,,,,,,,N,,
Product,2844,"Green Mango-45 lb",P,,,,,Right,"<p><strong>Fresh Produce</strong><br /><span>Enjoy the freshness!!!</span><br /><br /><strong></p>",125.99,105.00,0.00,0.00,0.0000,N,,45.0000,0.0000,0.0000,0.0000,Y,Y,,none,0,0,"Fresh Produce",,,,,,"Green Mango-45 lb, Vegetables, Fresh Produce, Veggies, SuperiorOne",,,,New,N,0,"Default Tax Class",,N,/green-mango-45-lb/,,,,,,,,,,,,N,,
Product,2845,"Guvar Beans-20 b",P,,,,,Right,"<p><strong>Fresh Produce</strong><br /><span>Enjoy the freshness!!!</span><br /><br /><strong></p>",70.99,59.00,0.00,0.00,0.0000,N,,2.0000,0.0000,0.0000,0.0000,Y,Y,,none,0,0,"Fresh Produce",,,,,,"Guvar Beans-20 b, Vegetables, Fresh Produce, Veggies, SuperiorOne",,,,New,N,0,"Default Tax Class",,N,/guvar-beans-20-b/,,,,,,,,,,,,N,,
Product,2846,"Jalapeno (L)-35 lb",P,,,,,Right,"<p><strong>Fresh Produce</strong><br /><span>Enjoy the freshness!!!</span><br /><br /><strong></p>",27.99,23.00,0.00,0.00,0.0000,N,,35.0000,0.0000,0.0000,0.0000,Y,Y,,none,0,0,"Fresh Produce",,,,,,"Jalapeno (L)-35 lb, Vegetables, Fresh Produce, Veggies, SuperiorOne",,,,New,N,0,"Default Tax Class",,N,/jalapeno-l-35-lb/,,,,,,,,,,,,N,,
Product,2847,"Japanese Yam-40 lb",P,,,,,Right,"<p><strong>Fresh Produce</strong><br /><span>Enjoy the freshness!!!</span><br /><br /><strong></p>",40.99,34.00,0.00,0.00,0.0000,N,,40.0000,0.0000,0.0000,0.0000,Y,Y,,none,0,0,"Fresh Produce",,,,,,"Japanese Yam-40 lb, Vegetables, Fresh Produce, Veggies, SuperiorOne",,,,New,N,0,"Default Tax Class",,N,/japanese-yam-40-lb/,,,,,,,,,,,,N,,
Product,2848,"Jicama-30 lb",P,,,,,Right,"<p><strong>Fresh Produce</strong><br /><span>Enjoy the freshness!!!</span><br /><br /><strong></p>",27.99,23.00,0.00,0.00,0.0000,N,,30.0000,0.0000,0.0000,0.0000,Y,Y,,none,0,0,"Fresh Produce",,,,,,"Jicama-30 lb, Vegetables, Fresh Produce, Veggies, SuperiorOne",,,,New,N,0,"Default Tax Class",,N,/jicama-30-lb/,,,,,,,,,,,,N,,
Product,2849,"Jr Baby Bokchoy-20 lb",P,,,,,Right,"<p><strong>Fresh Produce</strong><br /><span>Enjoy the freshness!!!</span><br /><br /><strong></p>",42.99,36.00,0.00,0.00,0.0000,N,,20.0000,0.0000,0.0000,0.0000,Y,Y,,none,0,0,"Fresh Produce",,,,,,"Jr Baby Bokchoy-20 lb, Vegetables, Fresh Produce, Veggies, SuperiorOne",,,,New,N,0,"Default Tax Class",,N,/jr-baby-bokchoy-20-lb/,,,,,,,,,,,,N,,
Product,2850,"Kabocha ( Jp Pumpkin)-30 lb",P,,,,,Right,"<p><strong>Fresh Produce</strong><br /><span>Enjoy the freshness!!!</span><br /><br /><strong></p>",42.99,36.00,0.00,0.00,0.0000,N,,30.0000,0.0000,0.0000,0.0000,Y,Y,,none,0,0,"Fresh Produce",,,,,,"Kabocha ( Jp Pumpkin)-30 lb, Vegetables, Fresh Produce, Veggies, SuperiorOne",,,,New,N,0,"Default Tax Class",,N,/kabocha-jp-pumpkin-30-lb/,,,,,,,,,,,,N,,
Product,2851,"Kai Choy-25 lb",P,,,,,Right,"<p><strong>Fresh Produce</strong><br /><span>Enjoy the freshness!!!</span><br /><br /><strong></p>",39.99,33.00,0.00,0.00,0.0000,N,,25.0000,0.0000,0.0000,0.0000,Y,Y,,none,0,0,"Fresh Produce",,,,,,"Kai Choy-25 lb, Vegetables, Fresh Produce, Veggies, SuperiorOne",,,,New,N,0,"Default Tax Class",,N,/kai-choy-25-lb/,,,,,,,,,,,,N,,
Product,2852,"Kai Lan ( Gai Lan)-25 lb",P,,,,,Right,"<p><strong>Fresh Produce</strong><br /><span>Enjoy the freshness!!!</span><br /><br /><strong></p>",70.99,59.00,0.00,0.00,0.0000,N,,25.0000,0.0000,0.0000,0.0000,Y,Y,,none,0,0,"Fresh Produce",,,,,,"Kai Lan ( Gai Lan)-25 lb, Vegetables, Fresh Produce, Veggies, SuperiorOne",,,,New,N,0,"Default Tax Class",,N,/kai-lan-gai-lan-25-lb/,,,,,,,,,,,,N,,
Product,2853,"Kohlrabi-35 lb",P,,,,,Right,"<p><strong>Fresh Produce</strong><br /><span>Enjoy the freshness!!!</span><br /><br /><strong></p>",49.99,42.00,0.00,0.00,0.0000,N,,35.0000,0.0000,0.0000,0.0000,Y,Y,,none,0,0,"Fresh Produce",,,,,,"Kohlrabi-35 lb, Vegetables, Fresh Produce, Veggies, SuperiorOne",,,,New,N,0,"Default Tax Class",,N,/kohlrabi-35-lb/,,,,,,,,,,,,N,,
Product,2854,"Korean Daikon-40 lb",P,,,,,Right,"<p><strong>Fresh Produce</strong><br /><span>Enjoy the freshness!!!</span><br /><br /><strong></p>",27.99,23.50,0.00,0.00,0.0000,N,,40.0000,0.0000,0.0000,0.0000,Y,Y,,none,0,0,"Fresh Produce",,,,,,"Korean Daikon-40 lb, Vegetables, Fresh Produce, Veggies, SuperiorOne",,,,New,N,0,"Default Tax Class",,N,/korean-daikon-40-lb/,,,,,,,,,,,,N,,
Product,2855,"Lemon Grass-40 lb",P,,,,,Right,"<p><strong>Fresh Produce</strong><br /><span>Enjoy the freshness!!!</span><br /><br /><strong></p>",30.99,26.00,0.00,0.00,0.0000,N,,40.0000,0.0000,0.0000,0.0000,Y,Y,,none,0,0,"Fresh Produce",,,,,,"Lemon Grass-40 lb, Vegetables, Fresh Produce, Veggies, SuperiorOne",,,,New,N,0,"Default Tax Class",,N,/lemon-grass-40-lb/,,,,,,,,,,,,N,,
Product,2856,"Long Beans (Green)-25 lb",P,,,,,Right,"<p><strong>Fresh Produce</strong><br /><span>Enjoy the freshness!!!</span><br /><br /><strong></p>",85.99,72.00,0.00,0.00,0.0000,N,,25.0000,0.0000,0.0000,0.0000,Y,Y,,none,0,0,"Fresh Produce",,,,,,"Long Beans (Green)-25 lb, Vegetables, Fresh Produce, Veggies, SuperiorOne",,,,New,N,0,"Default Tax Class",,N,/long-beans-green-25-lb/,,,,,,,,,,,,N,,
Product,2857,"Long Beans (White)-25 lb",P,,,,,Right,"<p><strong>Fresh Produce</strong><br /><span>Enjoy the freshness!!!</span><br /><br /><strong></p>",88.99,74.00,0.00,0.00,0.0000,N,,25.0000,0.0000,0.0000,0.0000,Y,Y,,none,0,0,"Fresh Produce",,,,,,"Long Beans (White)-25 lb, Vegetables, Fresh Produce, Veggies, SuperiorOne",,,,New,N,0,"Default Tax Class",,N,/long-beans-white-25-lb/,,,,,,,,,,,,N,,
Product,2858,"Long Squash (Opo)-35 lb",P,,,,,Right,"<p><strong>Fresh Produce</strong><br /><span>Enjoy the freshness!!!</span><br /><br /><strong></p>",24.99,21.00,0.00,0.00,0.0000,N,,35.0000,0.0000,0.0000,0.0000,Y,Y,,none,0,0,"Fresh Produce",,,,,,"Long Squash (Opo)-35 lb, Vegetables, Fresh Produce, Veggies, SuperiorOne",,,,New,N,0,"Default Tax Class",,N,/long-squash-opo-35-lb/,,,,,,,,,,,,N,,
Product,2859,"Malanga Blanca (Lg)-35 lb",P,,,,,Right,"<p><strong>Fresh Produce</strong><br /><span>Enjoy the freshness!!!</span><br /><br /><strong></p>",52.99,44.00,0.00,0.00,0.0000,N,,35.0000,0.0000,0.0000,0.0000,Y,Y,,none,0,0,"Fresh Produce",,,,,,"Malanga Blanca (Lg)-35 lb, Vegetables, Fresh Produce, Veggies, SuperiorOne",,,,New,N,0,"Default Tax Class",,N,/malanga-blanca-lg-35-lb/,,,,,,,,,,,,N,,
Product,2860,"Mexican Squash X-Fancy-25 lb",P,,,,,Right,"<p><strong>Fresh Produce</strong><br /><span>Enjoy the freshness!!!</span><br /><br /><strong></p>",27.99,23.00,0.00,0.00,0.0000,N,,25.0000,0.0000,0.0000,0.0000,Y,Y,,none,0,0,"Fresh Produce",,,,,,"Mexican Squash X-Fancy-25 lb, Vegetables, Fresh Produce, Veggies, SuperiorOne",,,,New,N,0,"Default Tax Class",,N,/mexican-squash-x-fancy-25-lb/,,,,,,,,,,,,N,,
Product,2861,"Montoy (Marabar)-20 lb",P,,,,,Right,"<p><strong>Fresh Produce</strong><br /><span>Enjoy the freshness!!!</span><br /><br /><strong></p>",41.99,35.00,0.00,0.00,0.0000,N,,20.0000,0.0000,0.0000,0.0000,Y,Y,,none,0,0,"Fresh Produce",,,,,,"Montoy (Marabar)-20 lb, Vegetables, Fresh Produce, Veggies, SuperiorOne",,,,New,N,0,"Default Tax Class",,N,/montoy-marabar-20-lb/,,,,,,,,,,,,N,,
Product,2862,"Napa-40 lb",P,,,,,Right,"<p><strong>Fresh Produce</strong><br /><span>Enjoy the freshness!!!</span><br /><br /><strong></p>",27.99,23.00,0.00,0.00,0.0000,N,,40.0000,0.0000,0.0000,0.0000,Y,Y,,none,0,0,"Fresh Produce",,,,,,"Napa-40 lb, Vegetables, Fresh Produce, Veggies, SuperiorOne",,,,New,N,0,"Default Tax Class",,N,/napa-40-lb/,,,,,,,,,,,,N,,
Product,2863,"Okra (Chinese)-30 lb",P,,,,,Right,"<p><strong>Fresh Produce</strong><br /><span>Enjoy the freshness!!!</span><br /><br /><strong></p>",27.99,23.00,0.00,0.00,0.0000,N,,30.0000,0.0000,0.0000,0.0000,Y,Y,,none,0,0,"Fresh Produce",,,,,,"Okra (Chinese)-30 lb, Vegetables, Fresh Produce, Veggies, SuperiorOne",,,,New,N,0,"Default Tax Class",,N,/okra-chinese-30-lb/,,,,,,,,,,,,N,,
Product,2864,"Okra (Indian)-13 lb",P,,,,,Right,"<p><strong>Fresh Produce</strong><br /><span>Enjoy the freshness!!!</span><br /><br /><strong></p>",42.99,36.00,0.00,0.00,0.0000,N,,13.0000,0.0000,0.0000,0.0000,Y,Y,,none,0,0,"Fresh Produce",,,,,,"Okra (Indian)-13 lb, Vegetables, Fresh Produce, Veggies, SuperiorOne",,,,New,N,0,"Default Tax Class",,N,/okra-indian-13-lb/,,,,,,,,,,,,N,,
Product,2865,"Okra (Thai) Galka-30 lb",P,,,,,Right,"<p><strong>Fresh Produce</strong><br /><span>Enjoy the freshness!!!</span><br /><br /><strong></p>",46.99,39.00,0.00,0.00,0.0000,N,,30.0000,0.0000,0.0000,0.0000,Y,Y,,none,0,0,"Fresh Produce",,,,,,"Okra (Thai) Galka-30 lb, Vegetables, Fresh Produce, Veggies, SuperiorOne",,,,New,N,0,"Default Tax Class",,N,/okra-thai-galka-30-lb/,,,,,,,,,,,,N,,
Product,2866,"Onion Red (Medium) Usa-25 lb",P,,,,,Right,"<p><strong>Fresh Produce</strong><br /><span>Enjoy the freshness!!!</span><br /><br /><strong></p>",13.99,12.00,0.00,0.00,0.0000,N,,25.0000,0.0000,0.0000,0.0000,Y,Y,,none,0,0,"Fresh Produce",,,,,,"Onion Red (Medium) Usa-25 lb, Vegetables, Fresh Produce, Veggies, SuperiorOne",,,,New,N,0,"Default Tax Class",,N,/onion-red-medium-usa-25-lb/,,,,,,,,,,,,N,,
Product,2867,"Onion Red (Medium) Usa-3 lbx16",P,,,,,Right,"<p><strong>Fresh Produce</strong><br /><span>Enjoy the freshness!!!</span><br /><br /><strong></p>",30.99,26.00,0.00,0.00,0.0000,N,,3.0000,0.0000,0.0000,0.0000,Y,Y,,none,0,0,"Fresh Produce",,,,,,"Onion Red (Medium) Usa-3 lbx16, Vegetables, Fresh Produce, Veggies, SuperiorOne",,,,New,N,0,"Default Tax Class",,N,/onion-red-medium-usa-3-lbx16/,,,,,,,,,,,,N,,
Product,2868,"Onion Red (Medium) Usa-10 lbx5",P,,,,,Right,"<p><strong>Fresh Produce</strong><br /><span>Enjoy the freshness!!!</span><br /><br /><strong></p>",31.99,27.00,0.00,0.00,0.0000,N,,1.0000,0.0000,0.0000,0.0000,Y,Y,,none,0,0,"Fresh Produce",,,,,,"Onion Red (Medium) Usa-10 lbx5, Vegetables, Fresh Produce, Veggies, SuperiorOne",,,,New,N,0,"Default Tax Class",,N,/onion-red-medium-usa-10-lbx5/,,,,,,,,,,,,N,,
Product,2869,"Onion White (Medium) Usa-50 lb",P,,,,,Right,"<p><strong>Fresh Produce</strong><br /><span>Enjoy the freshness!!!</span><br /><br /><strong></p>",34.99,29.00,0.00,0.00,0.0000,N,,50.0000,0.0000,0.0000,0.0000,Y,Y,,none,0,0,"Fresh Produce",,,,,,"Onion White (Medium) Usa-50 lb, Vegetables, Fresh Produce, Veggies, SuperiorOne",,,,New,N,0,"Default Tax Class",,N,/onion-white-medium-usa-50-lb/,,,,,,,,,,,,N,,
Product,2870,"Onion Yellow (Jumbo) Usa-50 lb",P,,,,,Right,"<p><strong>Fresh Produce</strong><br /><span>Enjoy the freshness!!!</span><br /><br /><strong></p>",27.99,23.00,0.00,0.00,0.0000,N,,50.0000,0.0000,0.0000,0.0000,Y,Y,,none,0,0,"Fresh Produce",,,,,,"Onion Yellow (Jumbo) Usa-50 lb, Vegetables, Fresh Produce, Veggies, SuperiorOne",,,,New,N,0,"Default Tax Class",,N,/onion-yellow-jumbo-usa-50-lb/,,,,,,,,,,,,N,,
Product,2871,"Onion Yellow (Medium) Usa-50 lb",P,,,,,Right,"<p><strong>Fresh Produce</strong><br /><span>Enjoy the freshness!!!</span><br /><br /><strong></p>",16.99,14.00,0.00,0.00,0.0000,N,,50.0000,0.0000,0.0000,0.0000,Y,Y,,none,0,0,"Fresh Produce",,,,,,"Onion Yellow (Medium) Usa-50 lb, Vegetables, Fresh Produce, Veggies, SuperiorOne",,,,New,N,0,"Default Tax Class",,N,/onion-yellow-medium-usa-50-lb/,,,,,,,,,,,,N,,
Product,2872,"Onion Yellow (Medium) Usa-3 lbx16",P,,,,,Right,"<p><strong>Fresh Produce</strong><br /><span>Enjoy the freshness!!!</span><br /><br /><strong></p>",23.99,20.00,0.00,0.00,0.0000,N,,3.0000,0.0000,0.0000,0.0000,Y,Y,,none,0,0,"Fresh Produce",,,,,,"Onion Yellow (Medium) Usa-3 lbx16, Vegetables, Fresh Produce, Veggies, SuperiorOne",,,,New,N,0,"Default Tax Class",,N,/onion-yellow-medium-usa-3-lbx16/,,,,,,,,,,,,N,,
Product,2873,"Onion Yellow (Medium) Usa-5 lbx10",P,,,,,Right,"<p><strong>Fresh Produce</strong><br /><span>Enjoy the freshness!!!</span><br /><br /><strong></p>",23.99,20.00,0.00,0.00,0.0000,N,,5.0000,0.0000,0.0000,0.0000,Y,Y,,none,0,0,"Fresh Produce",,,,,,"Onion Yellow (Medium) Usa-5 lbx10, Vegetables, Fresh Produce, Veggies, SuperiorOne",,,,New,N,0,"Default Tax Class",,N,/onion-yellow-medium-usa-5-lbx10/,,,,,,,,,,,,N,,
Product,2874,"Onion Yellow (Medium) Usa-10 lb x 5",P,,,,,Right,"<p><strong>Fresh Produce</strong><br /><span>Enjoy the freshness!!!</span><br /><br /><strong></p>",23.99,20.00,0.00,0.00,0.0000,N,,10.0000,0.0000,0.0000,0.0000,Y,Y,,none,0,0,"Fresh Produce",,,,,,"Onion Yellow (Medium) Usa-10 lb x 5, Vegetables, Fresh Produce, Veggies, SuperiorOne",,,,New,N,0,"Default Tax Class",,N,/onion-yellow-medium-usa-10-lb-x-5/,,,,,,,,,,,,N,,
Product,2875,"Papaya ---(Green)-30 lb",P,,,,,Right,"<p><strong>Fresh Produce</strong><br /><span>Enjoy the freshness!!!</span><br /><br /><strong></p>",23.99,20.00,0.00,0.00,0.0000,N,,30.0000,0.0000,0.0000,0.0000,Y,Y,,none,0,0,"Fresh Produce",,,,,,"Papaya ---(Green)-30 lb, Vegetables, Fresh Produce, Veggies, SuperiorOne",,,,New,N,0,"Default Tax Class",,N,/papaya-green-30-lb/,,,,,,,,,,,,N,,
Product,2876,"Parval-20 lb",P,,,,,Right,"<p><strong>Fresh Produce</strong><br /><span>Enjoy the freshness!!!</span><br /><br /><strong></p>",73.99,62.00,0.00,0.00,0.0000,N,,20.0000,0.0000,0.0000,0.0000,Y,Y,,none,0,0,"Fresh Produce",,,,,,"Parval-20 lb, Vegetables, Fresh Produce, Veggies, SuperiorOne",,,,New,N,0,"Default Tax Class",,N,/parval-20-lb/,,,,,,,,,,,,N,,
Product,2877,"Peanut (Raw)-50 lb",P,,,,,Right,"<p><strong>Fresh Produce</strong><br /><span>Enjoy the freshness!!!</span><br /><br /><strong></p>",77.99,65.00,0.00,0.00,0.0000,N,,50.0000,0.0000,0.0000,0.0000,Y,Y,,none,0,0,"Fresh Produce",,,,,,"Peanut (Raw)-50 lb, Vegetables, Fresh Produce, Veggies, SuperiorOne",,,,New,N,0,"Default Tax Class",,N,/peanut-raw-50-lb/,,,,,,,,,,,,N,,
Product,2878,"Peanut (Roasted)-50 lb",P,,,,,Right,"<p><strong>Fresh Produce</strong><br /><span>Enjoy the freshness!!!</span><br /><br /><strong></p>",88.99,74.00,0.00,0.00,0.0000,N,,50.0000,0.0000,0.0000,0.0000,Y,Y,,none,0,0,"Fresh Produce",,,,,,"Peanut (Roasted)-50 lb, Vegetables, Fresh Produce, Veggies, SuperiorOne",,,,New,N,0,"Default Tax Class",,N,/peanut-roasted-50-lb/,,,,,,,,,,,,N,,
Product,2879,"Peanut Fresh-38 lb",P,,,,,Right,"<p><strong>Fresh Produce</strong><br /><span>Enjoy the freshness!!!</span><br /><br /><strong></p>",105.99,88.00,0.00,0.00,0.0000,N,,38.0000,0.0000,0.0000,0.0000,Y,Y,,none,0,0,"Fresh Produce",,,,,,"Peanut Fresh-38 lb, Vegetables, Fresh Produce, Veggies, SuperiorOne",,,,New,N,0,"Default Tax Class",,N,/peanut-fresh-38-lb/,,,,,,,,,,,,N,,
Product,2880,"Plantain (Green)-50 lb",P,,,,,Right,"<p><strong>Fresh Produce</strong><br /><span>Enjoy the freshness!!!</span><br /><br /><strong></p>",49.99,42.00,0.00,0.00,0.0000,N,,50.0000,0.0000,0.0000,0.0000,Y,Y,,none,0,0,"Fresh Produce",,,,,,"Plantain (Green)-50 lb, Vegetables, Fresh Produce, Veggies, SuperiorOne",,,,New,N,0,"Default Tax Class",,N,/plantain-green-50-lb/,,,,,,,,,,,,N,,
Product,2881,"Potato 40-50 Ct-50 lb",P,,,,,Right,"<p><strong>Fresh Produce</strong><br /><span>Enjoy the freshness!!!</span><br /><br /><strong></p>",51.99,43.00,0.00,0.00,0.0000,N,,50.0000,0.0000,0.0000,0.0000,Y,Y,,none,0,0,"Fresh Produce",,,,,,"Potato 40-50 Ct-50 lb, Vegetables, Fresh Produce, Veggies, SuperiorOne",,,,New,N,0,"Default Tax Class",,N,/potato-40-50-ct-50-lb/,,,,,,,,,,,,N,,
Product,2882,"Potato 10X5 Lbs-50 lb",P,,,,,Right,"<p><strong>Fresh Produce</strong><br /><span>Enjoy the freshness!!!</span><br /><br /><strong></p>",24.99,21.00,0.00,0.00,0.0000,N,,50.0000,0.0000,0.0000,0.0000,Y,Y,,none,0,0,"Fresh Produce",,,,,,"Potato 10X5 Lbs-50 lb, Vegetables, Fresh Produce, Veggies, SuperiorOne",,,,New,N,0,"Default Tax Class",,N,/potato-10x5-lbs-50-lb/,,,,,,,,,,,,N,,
Product,2883,"Potato 5X10 Lbs-50 lb",P,,,,,Right,"<p><strong>Fresh Produce</strong><br /><span>Enjoy the freshness!!!</span><br /><br /><strong></p>",23.99,20.00,0.00,0.00,0.0000,N,,50.0000,0.0000,0.0000,0.0000,Y,Y,,none,0,0,"Fresh Produce",,,,,,"Potato 5X10 Lbs-50 lb, Vegetables, Fresh Produce, Veggies, SuperiorOne",,,,New,N,0,"Default Tax Class",,N,/potato-5x10-lbs-50-lb/,,,,,,,,,,,,N,,
Product,2884,"Potato Red A-50 lb",P,,,,,Right,"<p><strong>Fresh Produce</strong><br /><span>Enjoy the freshness!!!</span><br /><br /><strong></p>",41.99,35.00,0.00,0.00,0.0000,N,,50.0000,0.0000,0.0000,0.0000,Y,Y,,none,0,0,"Fresh Produce",,,,,,"Potato Red A-50 lb, Vegetables, Fresh Produce, Veggies, SuperiorOne",,,,New,N,0,"Default Tax Class",,N,/potato-red-a-50-lb/,,,,,,,,,,,,N,,
Product,2885,"Potato Red B-50 lb",P,,,,,Right,"<p><strong>Fresh Produce</strong><br /><span>Enjoy the freshness!!!</span><br /><br /><strong></p>",41.99,35.00,0.00,0.00,0.0000,N,,50.0000,0.0000,0.0000,0.0000,Y,Y,,none,0,0,"Fresh Produce",,,,,,"Potato Red B-50 lb, Vegetables, Fresh Produce, Veggies, SuperiorOne",,,,New,N,0,"Default Tax Class",,N,/potato-red-b-50-lb/,,,,,,,,,,,,N,,
Product,2886,"Potato White B-50 lb",P,,,,,Right,"<p><strong>Fresh Produce</strong><br /><span>Enjoy the freshness!!!</span><br /><br /><strong></p>",37.99,32.00,0.00,0.00,0.0000,N,,50.0000,0.0000,0.0000,0.0000,Y,Y,,none,0,0,"Fresh Produce",,,,,,"Potato White B-50 lb, Vegetables, Fresh Produce, Veggies, SuperiorOne",,,,New,N,0,"Default Tax Class",,N,/potato-white-b-50-lb/,,,,,,,,,,,,N,,
Product,2887,"Pumpkin-30 lb",P,,,,,Right,"<p><strong>Fresh Produce</strong><br /><span>Enjoy the freshness!!!</span><br /><br /><strong></p>",29.99,25.00,0.00,0.00,0.0000,N,,30.0000,0.0000,0.0000,0.0000,Y,Y,,none,0,0,"Fresh Produce",,,,,,"Pumpkin-30 lb, Vegetables, Fresh Produce, Veggies, SuperiorOne",,,,New,N,0,"Default Tax Class",,N,/pumpkin-30-lb/,,,,,,,,,,,,N,,
Product,2888,"Serrano Pepper-30 lb",P,,,,,Right,"<p><strong>Fresh Produce</strong><br /><span>Enjoy the freshness!!!</span><br /><br /><strong></p>",52.99,44.00,0.00,0.00,0.0000,N,,30.0000,0.0000,0.0000,0.0000,Y,Y,,none,0,0,"Fresh Produce",,,,,,"Serrano Pepper-30 lb, Vegetables, Fresh Produce, Veggies, SuperiorOne",,,,New,N,0,"Default Tax Class",,N,/serrano-pepper-30-lb/,,,,,,,,,,,,N,,
Product,2889,"Shallot-40 lb",P,,,,,Right,"<p><strong>Fresh Produce</strong><br /><span>Enjoy the freshness!!!</span><br /><br /><strong></p>",42.99,36.00,0.00,0.00,0.0000,N,,40.0000,0.0000,0.0000,0.0000,Y,Y,,none,0,0,"Fresh Produce",,,,,,"Shallot-40 lb, Vegetables, Fresh Produce, Veggies, SuperiorOne",,,,New,N,0,"Default Tax Class",,N,/shallot-40-lb/,,,,,,,,,,,,N,,
Product,2890,"Sher Li Hon-25 lb",P,,,,,Right,"<p><strong>Fresh Produce</strong><br /><span>Enjoy the freshness!!!</span><br /><br /><strong></p>",34.99,29.00,0.00,0.00,0.0000,N,,25.0000,0.0000,0.0000,0.0000,Y,Y,,none,0,0,"Fresh Produce",,,,,,"Sher Li Hon-25 lb, Vegetables, Fresh Produce, Veggies, SuperiorOne",,,,New,N,0,"Default Tax Class",,N,/sher-li-hon-25-lb/,,,,,,,,,,,,N,,
Product,2891,"Snake Gourd-30 lb",P,,,,,Right,"<p><strong>Fresh Produce</strong><br /><span>Enjoy the freshness!!!</span><br /><br /><strong></p>",61.99,52.00,0.00,0.00,0.0000,N,,30.0000,0.0000,0.0000,0.0000,Y,Y,,none,0,0,"Fresh Produce",,,,,,"Snake Gourd-30 lb, Vegetables, Fresh Produce, Veggies, SuperiorOne",,,,New,N,0,"Default Tax Class",,N,/snake-gourd-30-lb/,,,,,,,,,,,,N,,
Product,2892,"Snow Peas-10 lb",P,,,,,Right,"<p><strong>Fresh Produce</strong><br /><span>Enjoy the freshness!!!</span><br /><br /><strong></p>",33.99,28.00,0.00,0.00,0.0000,N,,10.0000,0.0000,0.0000,0.0000,Y,Y,,none,0,0,"Fresh Produce",,,,,,"Snow Peas-10 lb, Vegetables, Fresh Produce, Veggies, SuperiorOne",,,,New,N,0,"Default Tax Class",,N,/snow-peas-10-lb/,,,,,,,,,,,,N,,
Product,2893,"Sugar Peas ( Snap)-10 lb",P,,,,,Right,"<p><strong>Fresh Produce</strong><br /><span>Enjoy the freshness!!!</span><br /><br /><strong></p>",45.99,38.00,0.00,0.00,0.0000,N,,10.0000,0.0000,0.0000,0.0000,Y,Y,,none,0,0,"Fresh Produce",,,,,,"Sugar Peas ( Snap)-10 lb, Vegetables, Fresh Produce, Veggies, SuperiorOne",,,,New,N,0,"Default Tax Class",,N,/sugar-peas-snap-10-lb/,,,,,,,,,,,,N,,
Product,2894,"Ta Ku Choy-25 lb",P,,,,,Right,"<p><strong>Fresh Produce</strong><br /><span>Enjoy the freshness!!!</span><br /><br /><strong></p>",42.99,36.00,0.00,0.00,0.0000,N,,25.0000,0.0000,0.0000,0.0000,Y,Y,,none,0,0,"Fresh Produce",,,,,,"Ta Ku Choy-25 lb, Vegetables, Fresh Produce, Veggies, SuperiorOne",,,,New,N,0,"Default Tax Class",,N,/ta-ku-choy-25-lb/,,,,,,,,,,,,N,,
Product,2895,"Taro Leafs ( Patra Leafs)-10 lb",P,,,,,Right,"<p><strong>Fresh Produce</strong><br /><span>Enjoy the freshness!!!</span><br /><br /><strong></p>",37.99,31.50,0.00,0.00,0.0000,N,,10.0000,0.0000,0.0000,0.0000,Y,Y,,none,0,0,"Fresh Produce",,,,,,"Taro Leafs ( Patra Leafs)-10 lb, Vegetables, Fresh Produce, Veggies, SuperiorOne",,,,New,N,0,"Default Tax Class",,N,/taro-leafs-patra-leafs-10-lb/,,,,,,,,,,,,N,,
Product,3185,"Taro Root (Big) - 40 lb",P,,,,,Right,,35.99,30.00,0.00,0.00,0.0000,N,,0.0000,0.0000,0.0000,0.0000,Y,Y,,none,0,0,"Fresh Produce",,,,,,"Taro Root (Big) - 40 lb, Groceries, Fresh Produce, Superior2&3",,,,New,N,0,"Default Tax Class",,N,/taro-root-big-40-lb/,,,,,,,,,,,,N,,
Product,3186,"Thai Green Chili - 30 lb",P,,,,,Right,,54.99,46.00,0.00,0.00,0.0000,N,,0.0000,0.0000,0.0000,0.0000,Y,Y,,none,0,0,"Fresh Produce",,,,,,"Thai Green Chili - 30 lb, Groceries, Fresh Produce, Superior2&3",,,,New,N,0,"Default Tax Class",,N,/thai-green-chili-30-lb/,,,,,,,,,,,,N,,
Product,3187,"To Fu - Hard - 12x14oz",P,,,,,Right,,22.99,19.50,0.00,0.00,0.0000,N,,0.0000,0.0000,0.0000,0.0000,Y,Y,,none,0,0,"Fresh Produce",,,,,,"To Fu - Hard - 12x14oz, Groceries, Fresh Produce, Superior2&3",,,,New,N,0,"Default Tax Class",,N,/to-fu-hard-12x14oz/,,,,,,,,,,,,N,,
Product,3188,"To Fu - Soft - 12x14oz",P,,,,,Right,,22.99,19.50,0.00,0.00,0.0000,N,,0.0000,0.0000,0.0000,0.0000,Y,Y,,none,0,0,"Fresh Produce",,,,,,"To Fu - Soft - 12x14oz, Groceries, Fresh Produce, Superior2&3",,,,New,N,0,"Default Tax Class",,N,/to-fu-soft-12x14oz/,,,,,,,,,,,,N,,
Product,3189,"Tomato Roma - 25 lb",P,,,,,Right,,30.99,25.50,0.00,0.00,0.0000,N,,0.0000,0.0000,0.0000,0.0000,Y,Y,,none,0,0,"Fresh Produce",,,,,,"Tomato Roma - 25 lb, Groceries, Fresh Produce, Superior2&3",,,,New,N,0,"Default Tax Class",,N,/tomato-roma-25-lb/,,,,,,,,,,,,N,,
Product,3190,"Tomato Round - 20-22lb",P,,,,,Right,,46.99,39.50,0.00,0.00,0.0000,N,,0.0000,0.0000,0.0000,0.0000,Y,Y,,none,0,0,"Fresh Produce",,,,,,"Tomato Round - 20-22lb, Groceries, Fresh Produce, Superior2&3",,,,New,N,0,"Default Tax Class",,N,/tomato-round-20-22lb/,,,,,,,,,,,,N,,
Product,3191,"Tong Ho - 20-25 lb",P,,,,,Right,,29.99,25.00,0.00,0.00,0.0000,N,,0.0000,0.0000,0.0000,0.0000,Y,Y,,none,0,0,"Fresh Produce",,,,,,"Tong Ho - 20-25 lb, Groceries, Fresh Produce, Superior2&3",,,,New,N,0,"Default Tax Class",,N,/tong-ho-20-25-lb/,,,,,,,,,,,,N,,
Product,3192,"Turnip - 25 lb",P,,,,,Right,,28.99,24.00,0.00,0.00,0.0000,N,,0.0000,0.0000,0.0000,0.0000,Y,Y,,none,0,0,"Fresh Produce",,,,,,"Turnip - 25 lb, Groceries, Fresh Produce, Superior2&3",,,,New,N,0,"Default Tax Class",,N,/turnip-25-lb/,,,,,,,,,,,,N,,
Product,3193,"Valor Flat - 18-20 lb",P,,,,,Right,,34.99,29.00,0.00,0.00,0.0000,N,,0.0000,0.0000,0.0000,0.0000,Y,Y,,none,0,0,"Fresh Produce",,,,,,"Valor Flat - 18-20 lb, Groceries, Fresh Produce, Superior2&3",,,,New,N,0,"Default Tax Class",,N,/valor-flat-18-20-lb/,,,,,,,,,,,,N,,
Product,3194,"Wintermelon - 30-40 lb",P,,,,,Right,,34.99,29.00,0.00,0.00,0.0000,N,,0.0000,0.0000,0.0000,0.0000,Y,Y,,none,0,0,"Fresh Produce",,,,,,"Wintermelon - 30-40 lb, Groceries, Fresh Produce, Superior2&3",,,,New,N,0,"Default Tax Class",,N,/wintermelon-30-40-lb/,,,,,,,,,,,,N,,
Product,3195,"Yam - 35-40 lb",P,,,,,Right,,52.99,44.00,0.00,0.00,0.0000,N,,0.0000,0.0000,0.0000,0.0000,Y,Y,,none,0,0,"Fresh Produce",,,,,,"Yam - 35-40 lb, Groceries, Fresh Produce, Superior2&3",,,,New,N,0,"Default Tax Class",,N,/yam-35-40-lb/,,,,,,,,,,,,N,,
Product,3196,"Yu Choy - 25-30 lb",P,,,,,Right,,41.99,35.00,0.00,0.00,0.0000,N,,0.0000,0.0000,0.0000,0.0000,Y,Y,,none,0,0,"Fresh Produce",,,,,,"Yu Choy - 25-30 lb, Groceries, Fresh Produce, Superior2&3",,,,New,N,0,"Default Tax Class",,N,/yu-choy-25-30-lb/,,,,,,,,,,,,N,,
Product,3197,"Yucca - 30-35 lb",P,,,,,Right,,35.99,30.00,0.00,0.00,0.0000,N,,0.0000,0.0000,0.0000,0.0000,Y,Y,,none,0,0,"Fresh Produce",,,,,,"Yucca - 30-35 lb, Groceries, Fresh Produce, Superior2&3",,,,New,N,0,"Default Tax Class",,N,/yucca-30-35-lb/,,,,,,,,,,,,N,,
Product,3198,"Zucchini (Fancy) - 20 lb",P,,,,,Right,,19.99,16.50,0.00,0.00,0.0000,N,,0.0000,0.0000,0.0000,0.0000,Y,Y,,none,0,0,"Fresh Produce",,,,,,"Zucchini (Fancy) - 20 lb, Groceries, Fresh Produce, Superior2&3",,,,New,N,0,"Default Tax Class",,N,/zucchini-fancy-20-lb/,,,,,,,,,,,,N,,
Product,3199,"Culantro - 1 lb",P,,,,,Right,,9.99,8.00,0.00,0.00,0.0000,N,,0.0000,0.0000,0.0000,0.0000,Y,Y,,none,0,0,"Fresh Produce",,,,,,"Culantro - 1 lb, Groceries, Fresh Produce, Superior2&3",,,,New,N,0,"Default Tax Class",,N,/culantro-1-lb/,,,,,,,,,,,,N,,
Product,3200,"Curry Leaf - 1 lb",P,,,,,Right,,13.99,12.00,0.00,0.00,0.0000,N,,0.0000,0.0000,0.0000,0.0000,Y,Y,,none,0,0,"Fresh Produce",,,,,,"Curry Leaf - 1 lb, Groceries, Fresh Produce, Superior2&3",,,,New,N,0,"Default Tax Class",,N,/curry-leaf-1-lb/,,,,,,,,,,,,N,,
Product,3201,"Mint (Loose) - 1 lb",P,,,,,Right,,10.99,9.00,0.00,0.00,0.0000,N,,0.0000,0.0000,0.0000,0.0000,Y,Y,,none,0,0,"Fresh Produce",,,,,,"Mint (Loose) - 1 lb, Groceries, Fresh Produce, Superior2&3",,,,New,N,0,"Default Tax Class",,N,/mint-loose-1-lb/,,,,,,,,,,,,N,,
Product,3202,"Paan Leaf ( Betel Leaf) - 1 lb",P,,,,,Right,,15.99,13.00,0.00,0.00,0.0000,N,,0.0000,0.0000,0.0000,0.0000,Y,Y,,none,0,0,"Fresh Produce",,,,,,"Paan Leaf ( Betel Leaf) - 1 lb, Groceries, Fresh Produce, Superior2&3",,,,New,N,0,"Default Tax Class",,N,/paan-leaf-betel-leaf-1-lb/,,,,,,,,,,,,N,,
Product,3203,"Pandan Leaves - 1 lb",P,,,,,Right,,7.99,7.00,0.00,0.00,0.0000,N,,0.0000,0.0000,0.0000,0.0000,Y,Y,,none,0,0,"Fresh Produce",,,,,,"Pandan Leaves - 1 lb, Groceries, Fresh Produce, Superior2&3",,,,New,N,0,"Default Tax Class",,N,/pandan-leaves-1-lb/,,,,,,,,,,,,N,,
Product,3204,"Peeled Garlic - 5 lb",P,,,,,Right,,24.99,21.00,0.00,0.00,0.0000,N,,0.0000,0.0000,0.0000,0.0000,Y,Y,,none,0,0,"Fresh Produce",,,,,,"Peeled Garlic - 5 lb, Groceries, Fresh Produce, Superior2&3",,,,New,N,0,"Default Tax Class",,N,/peeled-garlic-5-lb/,,,,,,,,,,,,N,,
Product,3205,"Sweet Tamarindo - 1 lb",P,,,,,Right,,4.99,4.00,0.00,0.00,0.0000,N,,0.0000,0.0000,0.0000,0.0000,Y,Y,,none,0,0,"Fresh Produce",,,,,,"Sweet Tamarindo - 1 lb, Groceries, Fresh Produce, Superior2&3",,,,New,N,0,"Default Tax Class",,N,/sweet-tamarindo-1-lb/,,,,,,,,,,,,N,,
Product,3206,"Yellow Turmeric - 1 lb",P,,,,,Right,,5.99,5.00,0.00,0.00,0.0000,N,,0.0000,0.0000,0.0000,0.0000,Y,Y,,none,0,0,"Fresh Produce",,,,,,"Yellow Turmeric - 1 lb, Groceries, Fresh Produce, Superior2&3",,,,New,N,0,"Default Tax Class",,N,/yellow-turmeric-1-lb/,,,,,,,,,,,,N,,
Product,3207,"Crab ( Brown ) - 40 pk",P,,,,,Right,,54.99,46.00,0.00,0.00,0.0000,N,,0.0000,0.0000,0.0000,0.0000,Y,Y,,none,0,0,"Fresh Produce",,,,,,"Crab ( Brown ) - 40 pk, Groceries, Fresh Produce, Superior2&3",,,,New,N,0,"Default Tax Class",,N,/crab-brown-40-pk/,,,,,,,,,,,,N,,
Product,3208,"Crab ( Seafood ) - 40 pk",P,,,,,Right,,53.99,45.00,0.00,0.00,0.0000,N,,0.0000,0.0000,0.0000,0.0000,Y,Y,,none,0,0,"Fresh Produce",,,,,,"Crab ( Seafood ) - 40 pk, Groceries, Fresh Produce, Superior2&3",,,,New,N,0,"Default Tax Class",,N,/crab-seafood-40-pk/,,,,,,,,,,,,N,,
Product,3209,"Crab ( White ) - 40 pk",P,,,,,Right,,47.99,40.00,0.00,0.00,0.0000,N,,0.0000,0.0000,0.0000,0.0000,Y,Y,,none,0,0,"Fresh Produce",,,,,,"Crab ( White ) - 40 pk, Groceries, Fresh Produce, Superior2&3",,,,New,N,0,"Default Tax Class",,N,/crab-white-40-pk/,,,,,,,,,,,,N,,
Product,3210,"Enoki 150Gm-200Gm - 25-34 pk",P,,,,,Right,,93.99,78.00,0.00,0.00,0.0000,N,,0.0000,0.0000,0.0000,0.0000,Y,Y,,none,0,0,"Fresh Produce",,,,,,"Enoki 150Gm-200Gm - 25-34 pk, Groceries, Fresh Produce, Superior2&3",,,,New,N,0,"Default Tax Class",,N,/enoki-150gm-200gm-25-34-pk/,,,,,,,,,,,,N,,
Product,3211,"King - 11 lb",P,,,,,Right,,31.99,27.00,0.00,0.00,0.0000,N,,0.0000,0.0000,0.0000,0.0000,Y,Y,,none,0,0,"Fresh Produce",,,,,,"King - 11 lb, Groceries, Fresh Produce, Superior2&3",,,,New,N,0,"Default Tax Class",,N,/king-11-lb/,,,,,,,,,,,,N,,
Product,3212,"Mushroom 8Oz - 12 ct",P,,,,,Right,,25.99,22.00,0.00,0.00,0.0000,N,,0.0000,0.0000,0.0000,0.0000,Y,Y,,none,0,0,"Fresh Produce",,,,,,"Mushroom 8Oz - 12 ct, Groceries, Fresh Produce, Superior2&3",,,,New,N,0,"Default Tax Class",,N,/mushroom-8oz-12-ct/,,,,,,,,,,,,N,,
Product,3213,"Oyster - 10 lb",P,,,,,Right,,39.99,33.00,0.00,0.00,0.0000,N,,0.0000,0.0000,0.0000,0.0000,Y,Y,,none,0,0,"Fresh Produce",,,,,,"Oyster - 10 lb, Groceries, Fresh Produce, Superior2&3",,,,New,N,0,"Default Tax Class",,N,/oyster-10-lb/,,,,,,,,,,,,N,,
Product,3214,"Shittake - 11 lb",P,,,,,Right,,42.99,36.00,0.00,0.00,0.0000,N,,0.0000,0.0000,0.0000,0.0000,Y,Y,,none,0,0,"Fresh Produce",,,,,,"Shittake - 11 lb, Groceries, Fresh Produce, Superior2&3",,,,New,N,0,"Default Tax Class",,N,/shittake-11-lb/,,,,,,,,,,,,N,,
Product,3215,"Apple (Fuji) - 64-100 ct",P,,,,,Right,,49.99,42.00,0.00,0.00,0.0000,N,,0.0000,0.0000,0.0000,0.0000,Y,Y,,none,0,0,"Shop All;Fresh Produce;Fruits",,,,,,"Apple (Fuji) - 64-100 ct, Groceries, Fresh Produce, Superior2&3",,,,New,N,0,"Default Tax Class",,N,/apple-fuji-64-100-ct/,,,,,,,,,,,,N,,
Product,3216,"Apple (Gala) - 64-100",P,,,,,Right,,51.99,43.00,0.00,0.00,0.0000,N,,0.0000,0.0000,0.0000,0.0000,Y,Y,,none,0,0,"Shop All;Fresh Produce;Fruits",,,,,,"Apple (Gala) - 64-100, Groceries, Fresh Produce, Superior2&3",,,,New,N,0,"Default Tax Class",,N,/apple-gala-64-100/,,,,,,,,,,,,N,,
Product,3217,"Apple (Golden Delicious) - 72-100",P,,,,,Right,,57.99,48.00,0.00,0.00,0.0000,N,,0.0000,0.0000,0.0000,0.0000,Y,Y,,none,0,0,"Shop All;Fresh Produce;Fruits",,,,,,"Apple (Golden Delicious) - 72-100, Groceries, Fresh Produce, Superior2&3",,,,New,N,0,"Default Tax Class",,N,/apple-golden-delicious-72-100/,,,,,,,,,,,,N,,
Product,3218,"Apple (Granny Smith) - 70-88 ct",P,,,,,Right,,57.99,48.00,0.00,0.00,0.0000,N,,0.0000,0.0000,0.0000,0.0000,Y,Y,,none,0,0,"Shop All;Fresh Produce;Fruits",,,,,,"Apple (Granny Smith) - 70-88 ct, Groceries, Fresh Produce, Superior2&3",,,,New,N,0,"Default Tax Class",,N,/apple-granny-smith-70-88-ct/,,,,,,,,,,,,N,,
Product,3219,"Apple (Red Delicious) - 72-100",P,,,,,Right,,42.99,36.00,0.00,0.00,0.0000,N,,0.0000,0.0000,0.0000,0.0000,Y,Y,,none,0,0,"Shop All;Fresh Produce;Fruits",,,,,,"Apple (Red Delicious) - 72-100, Groceries, Fresh Produce, Superior2&3",,,,New,N,0,"Default Tax Class",,N,/apple-red-delicious-72-100/,,,,,,,,,,,,N,,
Product,3220,"Baby Banana - 15 lb",P,,,,,Right,,28.99,24.00,0.00,0.00,0.0000,N,,0.0000,0.0000,0.0000,0.0000,Y,Y,,none,0,0,"Shop All;Fresh Produce;Fruits",,,,,,"Baby Banana - 15 lb, Groceries, Fresh Produce, Superior2&3",,,,New,N,0,"Default Tax Class",,N,/baby-banana-15-lb/,,,,,,,,,,,,N,,
Product,3221,"Banana - 40 lb",P,,,,,Right,,30.99,26.00,0.00,0.00,0.0000,N,,0.0000,0.0000,0.0000,0.0000,Y,Y,,none,0,0,"Shop All;Fresh Produce;Fruits",,,,,,"Banana - 40 lb, Groceries, Fresh Produce, Superior2&3",,,,New,N,0,"Default Tax Class",,N,/banana-40-lb/,,,,,,,,,,,,N,,
Product,3222,"Guava - 20 lb",P,,,,,Right,,46.99,39.00,0.00,0.00,0.0000,N,,0.0000,0.0000,0.0000,0.0000,Y,Y,,none,0,0,"Fresh Produce;Fruits",,,,,,"Guava - 20 lb, Groceries, Fresh Produce, Superior2&3",,,,New,N,0,"Default Tax Class",,N,/guava-20-lb/,,,,,,,,,,,,N,,
Product,3223,"Orange - 72-80ct",P,,,,,Right,,42.99,36.00,0.00,0.00,0.0000,N,,0.0000,0.0000,0.0000,0.0000,Y,Y,,none,0,0,"Shop All;Fresh Produce;Fruits",,,,,,"Orange - 72-80ct, Groceries, Fresh Produce, Superior2&3",,,,New,N,0,"Default Tax Class",,N,/orange-72-80ct/,,,,,,,,,,,,N,,
Product,3224,"Papaya Maradol - 12-16ct",P,,,,,Right,,28.99,24.00,0.00,0.00,0.0000,N,,0.0000,0.0000,0.0000,0.0000,Y,Y,,none,0,0,"Shop All;Fresh Produce;Fruits",,,,,,"Papaya Maradol - 12-16ct, Groceries, Fresh Produce, Superior2&3",,,,New,N,0,"Default Tax Class",,N,/papaya-maradol-12-16ct/,,,,,,,,,,,,N,,
Product,3225,"Pear Forelle - 15-18 lb",P,,,,,Right,,71.99,60.00,0.00,0.00,0.0000,N,,0.0000,0.0000,0.0000,0.0000,Y,Y,,none,0,0,"Shop All;Fresh Produce;Fruits",,,,,,"Pear Forelle - 15-18 lb, Groceries, Fresh Produce, Superior2&3",,,,New,N,0,"Default Tax Class",,N,/pear-forelle-15-18-lb/,,,,,,,,,,,,N,,
Product,3226,"Pear Fragrant - 2L/3L",P,,,,,Right,,34.99,29.00,0.00,0.00,0.0000,N,,0.0000,0.0000,0.0000,0.0000,Y,Y,,none,0,0,"Shop All;Fresh Produce;Fruits",,,,,,"Pear Fragrant - 2L/3L, Groceries, Fresh Produce, Superior2&3",,,,New,N,0,"Default Tax Class",,N,/pear-fragrant-2l-3l/,,,,,,,,,,,,N,,
Product,3227,"Pear Golden - 10 ct",P,,,,,Right,,33.99,28.00,0.00,0.00,0.0000,N,,0.0000,0.0000,0.0000,0.0000,Y,Y,,none,0,0,"Shop All;Fresh Produce;Fruits",,,,,,"Pear Golden - 10 ct, Groceries, Fresh Produce, Superior2&3",,,,New,N,0,"Default Tax Class",,N,/pear-golden-10-ct/,,,,,,,,,,,,N,,
Product,3228,"Pear Shingo - 8 ct",P,,,,,Right,,30.99,26.00,0.00,0.00,0.0000,N,,0.0000,0.0000,0.0000,0.0000,Y,Y,,none,0,0,"Shop All;Fresh Produce;Fruits",,,,,,"Pear Shingo - 8 ct, Groceries, Fresh Produce, Superior2&3",,,,New,N,0,"Default Tax Class",,N,/pear-shingo-8-ct/,,,,,,,,,,,,N,,
Product,3229,"Persimmon - 25lb",P,,,,,Right,,51.99,43.00,0.00,0.00,0.0000,N,,0.0000,0.0000,0.0000,0.0000,Y,Y,,none,0,0,"Shop All;Fresh Produce;Fruits",,,,,,"Persimmon - 25lb, Groceries, Fresh Produce, Superior2&3",,,,New,N,0,"Default Tax Class",,N,/persimmon-25lb/,,,,,,,,,,,,N,,
Product,3230,"Pomegranate - 40 lb",P,,,,,Right,,54.99,46.00,0.00,0.00,0.0000,N,,0.0000,0.0000,0.0000,0.0000,Y,Y,,none,0,0,"Fresh Produce",,,,,,"Pomegranate - 40 lb, Groceries, Fresh Produce, Superior2&3",,,,New,N,0,"Default Tax Class",,N,/pomegranate-40-lb/,,,,,,,,,,,,N,,
Product,3231,"Sugar Cane (Green) - 10ct",P,,,,,Right,,29.99,25.00,0.00,0.00,0.0000,N,,0.0000,0.0000,0.0000,0.0000,Y,Y,,none,0,0,"Shop All;Fresh Produce;Fruits",,,,,,"Sugar Cane (Green) - 10ct, Groceries, Fresh Produce, Superior2&3",,,,New,N,0,"Default Tax Class",,N,/sugar-cane-green-10ct/,,,,,,,,,,,,N,,
Product,3232,"Walnut Whole( Dry) - 50 lb",P,,,,,Right,,149.99,125.00,0.00,0.00,0.0000,N,,0.0000,0.0000,0.0000,0.0000,Y,Y,,none,0,0,"Shop All;Fresh Produce;Fruits",,,,,,"Walnut Whole( Dry) - 50 lb, Groceries, Fresh Produce, Superior2&3",,,,New,N,0,"Default Tax Class",,N,/walnut-whole-dry-50-lb/,,,,,,,,,,,,N,,
Product,3233,"White Coco - 9 ct",P,,,,,Right,,23.99,20.00,0.00,0.00,0.0000,N,,0.0000,0.0000,0.0000,0.0000,Y,Y,,none,0,0,"Shop All;Fresh Produce;Fruits",,,,,,"White Coco - 9 ct, Groceries, Fresh Produce, Superior2&3",,,,New,N,0,"Default Tax Class",,N,/white-coco-9-ct/,,,,,,,,,,,,N,,
Product,3234,"Yali Pear - 28-64 ct",P,,,,,Right,,55.99,47.00,0.00,0.00,0.0000,N,,0.0000,0.0000,0.0000,0.0000,Y,Y,,none,0,0,"Shop All;Fresh Produce;Fruits",,,,,,"Yali Pear - 28-64 ct, Groceries, Fresh Produce, Superior2&3",,,,New,N,0,"Default Tax Class",,N,/yali-pear-28-64-ct/,,,,,,,,,,,,N,,
